HA_USAGE,topicDistribution_0,topicDistribution_1,topicDistribution_2,topicDistribution_3,topicDistribution_4
814,0.2000311873207963,0.2000264263252595,0.20001563102986245,0.19997529799337813,0.2000422821352818
675,0.19999126342286755,0.19999451355583986,0.2000053443173464,0.20000940270240833,0.20000921442291048
1333,0.20001976703594085,0.19998542024875451,0.20002240213017036,0.20001446712058843,0.19996547556864677
252,0.19998907950548483,0.20001088634254036,0.20000697387178254,0.20000204321507517,0.20000342014191055
12,0.1999992008607078,0.2000007607303542,0.19999986723178326,0.20000073873920865,0.19999883505702132
19,0.19999711504360107,0.19999946704351385,0.20000236657262432,0.1999980324652208,0.20000335899141045
806,0.19996866119571902,0.19997390757755754,0.20001676617888692,0.19998743437494826,0.20003504384546972
214,0.19999360876822989,0.20002174849610688,0.20001599771982476,0.1999854224442764,0.19999677759728826
364,0.19998188106324072,0.20001625928416975,0.20001284110241518,0.20003502042512505,0.19997148309197452
164,0.20000717911570218,0.19999297822544707,0.20002144769299995,0.20000787309692145,0.20001546522910457
1620,0.19997354520274438,0.19997807212525495,0.20001746586252672,0.1999545944076331,0.2000162155973947
122,0.20001533096429536,0.19999970898573308,0.1999892303009305,0.20001735341245197,0.20001143265641164
1149,0.20000161115179244,0.20002854646950122,0.20003057756956796,0.1999688737418241,0.20002045861953652
273,0.20000017215371665,0.20000381365863956,0.20001220906607864,0.20000925514903148,0.20002437331696932
1266,0.1999880103765507,0.2000181654011201,0.20000504753193823,0.20000195921899844,0.2000099583060881
839,0.20001214241884452,0.2000411398422952,0.19999261903857968,0.19999654547596085,0.20001711252873927
1758,0.2000034822970409,0.20000269879230387,0.19997582345000547,0.19998112584186273,0.2000204648665455
94,0.1999810118348397,0.20000525193606966,0.1999961536341095,0.1999887120060075,0.2000061816558617
129,0.19999284239719767,0.19998833853756198,0.20001293492268948,0.19997912498904213,0.20000225922558434
1506,0.19997676461320574,0.20002587197917424,0.20000594109070713,0.19998359816474592,0.1999841942992643
1504,0.19999257663703737,0.20001028170242602,0.19999160072734085,0.1999785460119527,0.20004458913144682
354,0.19998239876013876,0.19997963712405697,0.19999348926141544,0.19997580851198318,0.2000249575518737
1715,0.19999971988447915,0.20001951696076628,0.2000190545718682,0.20003860313352612,0.20000787252742508
1743,0.19998052603038052,0.1999871368109003,0.20003942331758354,0.20002369298197564,0.1999797111232065
617,0.20000014315669684,0.19999013742530314,0.19998950924908124,0.19996537577707313,0.19997867118847193
1612,0.20003439699354686,0.20002904215219566,0.20000211490051942,0.1999760240501923,0.20001815730091463
119,0.2000004473875515,0.20000200428982115,0.19999166603040794,0.1999868768061694,0.19999067770198495
697,0.20003654533646945,0.19997451886918516,0.2000215703735065,0.200008996904255,0.19998120668055336
155,0.2000162010235614,0.20002154877928258,0.1999858624011402,0.2000129004535861,0.20000348523152206
182,0.1999798202112504,0.19997928589279762,0.2000133751108588,0.19999320026486941,0.1999918457800226
471,0.2000277587157944,0.1999911024559536,0.19998086901056783,0.20003164600528367,0.1999587391306417
750,0.19997811759591244,0.1999912785956364,0.20002446378866626,0.19999031448738105,0.19999279027918476
1153,0.1999626475319593,0.20000009335387456,0.20002108604190694,0.19999671996255414,0.20003623050138392
884,0.200028430845142,0.1999843321385495,0.19999145846012667,0.2000400460212598,0.19999474175526738
1538,0.20000182954041723,0.20003002381623938,0.20000619650551754,0.19999979147177477,0.2000421880352058
588,0.2000041470031096,0.2000402633380549,0.2000171327685416,0.19997795330623797,0.19999417957607926
276,0.20000958867321603,0.1999975707856127,0.20000792589240943,0.19998915129787506,0.19997535511048892
1121,0.20003392900085956,0.20002107868190816,0.1999901883543944,0.19998611556286286,0.1999781438660372
776,0.19999935979912994,0.19999844913566697,0.1999989948578477,0.1999937757422797,0.20003288210245934
158,0.20000490559481426,0.200015800310052,0.19997895587015668,0.19998874928617288,0.20000200897390047
741,0.20000604885503445,0.2000427104966487,0.19998387514567734,0.20004329718848435,0.19998838583273762
1299,0.20002614225078238,0.19999834051450419,0.19996424796187004,0.2000072215363886,0.20002225508476365
527,0.20000368188133041,0.19998948507009737,0.199996603402716,0.1999940793763121,0.1999676368241269
248,0.1999926199250297,0.1999809327059791,0.20000043437652218,0.1999977435551442,0.1999636973814945
971,0.19999381870669766,0.19999500427000655,0.20000131298725557,0.20000912284468245,0.19997580280667995
734,0.20003969939730998,0.19997279737845144,0.20002981880470388,0.2000130391228833,0.199993102541292
1034,0.19997710543254635,0.19999442953818247,0.19996397064029453,0.19998283190847152,0.1999819246324816
1504,0.20000804171259973,0.19997828549063226,0.20000367435566133,0.19997397000966965,0.20000599204375438
870,0.19998763269083664,0.20001735142027793,0.20002515329934564,0.19999959424378153,0.19996650634859958
563,0.19998966102135682,0.19997945314699953,0.2000025154702303,0.20002393705343005,0.1999778810035104
313,0.1999944094187192,0.19998772824214608,0.1999894182531639,0.19998264242022595,0.2000139059734736
105,0.19999013540977761,0.19999329942876104,0.20000485847754135,0.199994013328718,0.20001874369534675
1326,0.19997521054273518,0.2000009142067981,0.2000365975395333,0.1999818616827635,0.19997565544923243
128,0.19999599502615098,0.20002471089477716,0.20000049421978044,0.19999944975194767,0.1999880238583333
183,0.19997845367001876,0.1999933146586622,0.19999494015492955,0.19999454170737502,0.19997811300885032
1243,0.1999979588645048,0.20001836007783724,0.19998385936084553,0.20000371199039713,0.19999140812567068
1470,0.20002106447179432,0.20002437233200673,0.19996852036286833,0.1999825383786968,0.20000505821917994
654,0.20004212555515824,0.20000855868728296,0.19997745406995182,0.19999565266189726,0.20002360696399152
528,0.20000405490026893,0.19996468157332442,0.19998614348169333,0.199959562116063,0.20000943900431423
295,0.20000299140097658,0.19998077400145275,0.20000195355499711,0.20003252054372447,0.1999921676235939
72,0.2000116704318727,0.20002065732845262,0.200013706088144,0.20000223572418524,0.2000024934656539
1506,0.20003130143117243,0.199980125946761,0.19997269286586455,0.20001310447254678,0.1999946608913554
98,0.19998660666519114,0.20002823341118167,0.20001987141868502,0.20000069239360294,0.1999757231233948
566,0.19996902809675524,0.19997655761465835,0.19995722432239285,0.1999813088976995,0.20001445112248364
444,0.20002446029266827,0.19997956439322578,0.2000000558181571,0.1999869567079915,0.199983606840832
1080,0.20001515565818007,0.19997408479452722,0.199999241757892,0.20003184211469904,0.20000944402168952
1024,0.19998413460469505,0.2000356952557148,0.19998555660483489,0.19996186877697975,0.19996646512311048
464,0.20001655528514586,0.20002084769950207,0.20000889008882436,0.20000828673149107,0.19998777432564993
150,0.20001084964371252,0.19998816817526188,0.1999851559282918,0.19999496173353054,0.20001124720802269
239,0.20001715708878587,0.2000308322731149,0.19999145459051507,0.2000035960450954,0.20001486801097526
1,0.20000019669563415,0.2000001015868145,0.19999992495370766,0.20000005550293637,0.2000000898841068
487,0.19999752973762208,0.20002898109997186,0.19998058834415028,0.1999836752883399,0.19998619309961255
1611,0.20000864462762183,0.1999965603092863,0.20000035142691022,0.20003088487660792,0.19998766615763275
1219,0.19999309239288654,0.19999808604579655,0.19997471756444787,0.19997634845821272,0.20001005719589848
252,0.20000075077119714,0.1999913664058588,0.20001477200452533,0.199966228297572,0.20001815848627366
712,0.20001480089313484,0.20001009330337297,0.20004164713212233,0.19996987880811473,0.199997514915255
261,0.20001446748440543,0.19997560534179393,0.20003714667661826,0.2000042515848123,0.19999863960732117
385,0.2000049307258678,0.20003319421218196,0.19998234999718725,0.19999781084460838,0.20002063051022176
1797,0.19998773523430172,0.19996032356364968,0.19997724325241936,0.20000278353141684,0.20002978236013189
1520,0.2000107958517219,0.20000145219322485,0.19997951786280274,0.1999874320368392,0.20003224835161826
383,0.1999808598314568,0.20000392080803148,0.20003897728554282,0.19997048033620682,0.20000588687160145
355,0.1999941894770524,0.20001091603496038,0.19999614738807348,0.20002645317794,0.20002902787480367
534,0.20001669361859017,0.20000466441412845,0.20000074585374986,0.19998396895007065,0.19998178827950544
775,0.19999119264468032,0.19999836642322827,0.20001079837957011,0.20000662351353793,0.20000177416282441
622,0.1999969359693011,0.19999362396489592,0.19998132696641813,0.19998062799294672,0.19998541446814153
841,0.2000091404611674,0.20000785661091672,0.2000239438474476,0.19999921301734974,0.2000266497995065
80,0.19999685246180543,0.199997056661109,0.1999895719354112,0.19998642368895428,0.19999097804240715
1071,0.19998848879950198,0.1999880095199168,0.20000943680807126,0.19999882585350348,0.2000126860743695
187,0.20002678962753603,0.19998961149787683,0.19999798127906734,0.19999540453643302,0.1999983446169088
355,0.20001107542659613,0.2000125881528429,0.19999214758503686,0.1999976094259074,0.20001739097519022
208,0.19997664176628355,0.19999292374436128,0.19998808018084502,0.199983715786541,0.19997513520084137
1664,0.1999885939478852,0.19999200805560208,0.19999066405748794,0.1999941072797814,0.19998834642016616
2,0.19999996143729717,0.20000012814870036,0.1999999800390064,0.1999999316773539,0.20000005790026437
80,0.20001019908860232,0.19998810832873143,0.20000055395092137,0.20000684045325784,0.20000832519967535
1134,0.19998026782545028,0.19995519950418844,0.19997635345228756,0.19998460016623104,0.19999266368948385
2,0.1999999997618171,0.20000002957012467,0.20000008895791133,0.2000000480734511,0.20000000895626371
1045,0.19999440646306652,0.20002308783885742,0.19997787391220737,0.20002837421796862,0.19999150532060214
278,0.19999938283524776,0.19998478990246235,0.20000200917449018,0.20002152336311183,0.19999182101565025
676,0.20002773933844695,0.1999603115012661,0.19999234727806992,0.2000073186140381,0.20000727475667784
1494,0.20002367009277214,0.20001115995832144,0.20002507313043516,0.19997441174847413,0.2000220869941059
419,0.19997555751721338,0.2000315221849396,0.200038221161804,0.19995975351010717,0.20000263461450413
179,0.2000104739514673,0.19999753783733287,0.20002346173898092,0.19998634205619326,0.20000628034910067
250,0.20003390832895176,0.20002156555366507,0.20000986596158232,0.20001245198340217,0.20001416951790346
186,0.2000002076859503,0.20000337261189766,0.19999005933143374,0.20002365730725868,0.19998021846074898
125,0.200017562357351,0.1999738573785829,0.20002326027653833,0.19999370623746404,0.19997422233987688
793,0.1999967488997829,0.20000726423834997,0.19999447702764092,0.19998447229210084,0.19999373481209823
1266,0.20002419754949965,0.20000598712137002,0.20001716584747684,0.200038993529765,0.2000225278681942
394,0.19999319625560785,0.20000132574360918,0.19999814601687377,0.20001884743705828,0.2000066510148443
1035,0.19997825530995292,0.20003183134827782,0.20002820209017283,0.19996838321516572,0.19999736640396068
1061,0.19996109115459182,0.2000311890068603,0.2000030951547223,0.19999612347086188,0.199996656998972
740,0.2000065357432686,0.20000930347715462,0.2000147194072627,0.20001159837786184,0.19999043300666727
1517,0.19997256992995835,0.19996774841185597,0.19998325879724396,0.1999621419632882,0.19999496394415509
1503,0.20000016034805124,0.19998624539008955,0.2000421063559226,0.20000870689623665,0.1999795763770686
933,0.19998675008755562,0.20000541390687251,0.19999402361962654,0.20004479270563516,0.20003509069034206
431,0.20000523112981833,0.2000039466128928,0.20000703754233423,0.19998909451235033,0.19998841690968175
132,0.20000638457881093,0.20000988043925672,0.2000252201779072,0.1999901736849978,0.20000562632210914
556,0.2000378050963091,0.20001115513645545,0.20003546677340742,0.1999765669910906,0.1999790901162389
1602,0.1999932994167198,0.20002458372573267,0.20000556336330835,0.19998844986651745,0.20002807553557783
537,0.1999942365688729,0.2000082776555963,0.20003098745192868,0.19997962680354595,0.20000085489623637
997,0.1999878194461446,0.2000046415424178,0.20002891631106823,0.2000263806385916,0.19999026712630175
560,0.2000067685443451,0.1999815150330229,0.19998587076817867,0.1999997019307974,0.19999429444848282
731,0.19999863867183665,0.20001886912367586,0.19996211875061365,0.19999243261191704,0.19998801935236862
878,0.2000153873867624,0.199981249228889,0.2000300144114188,0.2000370992388476,0.20003002451449226
136,0.2000036260596039,0.20000328452162275,0.20000546968802485,0.19998962895173866,0.20000663701892624
122,0.19999726523195374,0.20000034586538695,0.20000448586431233,0.19999123691472684,0.1999827870164125
707,0.19998852762735575,0.19999464838085926,0.20000418307397302,0.19998603833727643,0.19999484149743368
1110,0.19998504499759365,0.1999836228919092,0.2000184615165644,0.19997154753127683,0.19997229939601477
561,0.1999685770634938,0.20001580488760265,0.19999545881495734,0.1999924375514923,0.19997815626347487
427,0.1999797441861324,0.1999812423216527,0.2000241193301527,0.19999833716616328,0.2000119793137829
261,0.20000137670330395,0.20000544766933992,0.19999654981874582,0.20001808375881303,0.19999001618681195
368,0.20002250325809218,0.20001819589599965,0.1999630823739382,0.199997878834458,0.19996032335121636
4,0.2000004708521446,0.200000147881608,0.20000017627946454,0.19999911468160683,0.20000090291887576
1458,0.1999901833791204,0.1999983307734161,0.19999490364983313,0.20003427415340494,0.20004519680278773
854,0.20001236181405818,0.20000341536288208,0.20002998109444492,0.20004227845176928,0.19997158005701193
271,0.19998100534187727,0.2000337885989212,0.19999533051074858,0.20002716221182978,0.19998381073585647
15,0.20000017756328392,0.19999726460715206,0.20000234132106237,0.2000014554220498,0.20000617448740968
2,0.2000000692929755,0.19999994706375132,0.19999998538842356,0.19999998494102733,0.2000003400729698
512,0.19999921974585902,0.2000099664028689,0.2000044089630419,0.200015760416641,0.20001575125725518
99,0.20000915052012666,0.20000808998662137,0.20001638990297319,0.19998272134032768,0.20002390415248175
4,0.20000011371716858,0.20000109455722162,0.20000034459647778,0.20000060069790873,0.19999932752731278
992,0.19999113011751454,0.20002775201864398,0.20002456725796694,0.19999741313262398,0.2000213343607371
1473,0.19999124508826716,0.1999857316506892,0.19997430896226934,0.2000299842029841,0.2000249078551741
1075,0.20003959567637142,0.2000015722414336,0.20002124124675738,0.20002854382109686,0.1999895899493866
692,0.19997861177728313,0.2000250613227016,0.1999605084986884,0.20003722981486474,0.19998325635772538
1137,0.19995605705582972,0.20002833889555602,0.20000255213782053,0.19998321848375938,0.19998688484380953
550,0.20001920458021302,0.1999773872373244,0.20002307306552172,0.19998420322611046,0.20000707767922832
919,0.199978196098874,0.20003141180448047,0.1999849857755407,0.2000116754547217,0.19998285880568062
692,0.19999128538913646,0.19998753548213838,0.19998706940996072,0.20003148623316067,0.20001829291809808
28,0.2000038525967317,0.19999702842809136,0.1999943502513225,0.199993992610965,0.200005006609832
13,0.1999981888952651,0.19999894274752306,0.19999897026152033,0.19999864812156745,0.19999888940821647
438,0.20000584815230124,0.1999964805469881,0.2000019734725507,0.20000475758937178,0.20000640263825012
1326,0.2000229858354399,0.20003213325970193,0.200002454004674,0.2000001985963054,0.20000233895669292
1310,0.1999704500907911,0.2000076943611281,0.20003213782401202,0.20003739630057185,0.20001401231532182
561,0.20002662875308364,0.19998773637618333,0.20000088030268753,0.1999973790360496,0.19998064282949965
934,0.19998185142581154,0.199994026954848,0.20000091536779122,0.19998243798174464,0.20001131349029522
170,0.19999281109758152,0.20002611948682347,0.20000707917098562,0.19998725741594278,0.1999883772326409
533,0.19998367812397227,0.20001407909571714,0.19997659211218635,0.1999798318580929,0.19999097593341003
593,0.20000700872279692,0.19998544095919335,0.20003653382864472,0.19997204991923187,0.19996872902359106
1155,0.2000175357207552,0.2000240169842144,0.19998927764242252,0.19996958159431827,0.20003625085842697
511,0.20002816922202712,0.20001837272790204,0.200017319310447,0.20001368715635515,0.1999781765846025
882,0.19998632646792108,0.20002413545069836,0.1999750909008418,0.19997962497512303,0.19998344644710822
781,0.1999902090329584,0.2000358080456144,0.2000164365769431,0.20001174095884314,0.1999995907636146
164,0.19998425040799078,0.1999855675897066,0.2000090017677425,0.19999791928993407,0.19997997409197482
232,0.2000187912519171,0.20001184583001697,0.19999009717010832,0.2000265095138146,0.19997542783597255
207,0.19999737419862554,0.2000314974214045,0.20002420009287258,0.20001346245305265,0.19997886222931183
799,0.19998028758935144,0.20000852199670008,0.2000202190258872,0.1999753517714747,0.1999990899004378
1040,0.20002671214542087,0.20002479979024892,0.20003220493127932,0.20002029060598778,0.2000071119574986
535,0.2000050746807811,0.20001868750912039,0.19997038200234826,0.20002697273505013,0.2000137820004153
581,0.2000317982659225,0.19997918981097446,0.19996374655402005,0.1999942341951244,0.20000843853228306
137,0.1999936794136685,0.20001095664455493,0.20000982040544046,0.19999932160627823,0.20001435781372537
1092,0.1999983503666234,0.19997626804702093,0.20001645502143092,0.2000054063220477,0.20001421945338507
1886,0.19999464579179665,0.1999765548315864,0.20002116436428652,0.2000409470136132,0.20004554015322082
151,0.19998809096155887,0.20000732602399904,0.19999423541784186,0.19999611574012885,0.19997709805504213
171,0.1999927384447345,0.20001655498615678,0.19998306284433912,0.20000874354622564,0.1999868289634265
292,0.20002675056753683,0.19998704749868854,0.19999564460062938,0.199987158991874,0.19997520898236723
88,0.2000125040486616,0.19999357816622848,0.2000118470711042,0.19998884745661308,0.19999879510988106
1650,0.1999898096626743,0.20000789355709891,0.20002187700845794,0.19995590109353417,0.20001478224284214
119,0.19999687445551448,0.19999550957609277,0.19999158738683598,0.1999914364575809,0.19997945221039967
1419,0.20003007359116914,0.20002221485496902,0.19999267841595014,0.20004462286535313,0.2000058515250588
1292,0.2000332936920633,0.20003343581699115,0.19996672010236646,0.20001530329696587,0.2000030854636337
50,0.19999502785900933,0.1999998703186557,0.20001172176146217,0.20000310811331903,0.20000148511540786
1397,0.20000378309850336,0.20000515031569702,0.19999392677505026,0.2000378138116353,0.20001002107508864
118,0.1999820472959479,0.20000447168550003,0.19999564697239522,0.19999254802059785,0.19996904390528134
1235,0.2000418309372166,0.2000437862402785,0.2000156535252812,0.20003641399396696,0.20003049217951893
175,0.20003314341416395,0.19996656720077008,0.20000697932589764,0.20001335485706656,0.1999929608167827
67,0.19999203442764066,0.19998935517498856,0.19998185890131775,0.19999832424399117,0.1999950864850865
242,0.20000946499477132,0.19998607532662244,0.19999102127024632,0.20000435775335845,0.2000200187422023
411,0.19997962551870288,0.2000024534751186,0.2000264930689773,0.19999935902382054,0.20001073338953185
748,0.19997452105870764,0.1999870852889538,0.20000825534383498,0.20001811517865448,0.20001971355188647
57,0.20001527496571755,0.19998940420598796,0.19999073859138994,0.1999888250614292,0.19999709550041703
331,0.19997206039304122,0.20000668747009592,0.20002341548416575,0.20002804906355576,0.20000914180675647
63,0.1999906231142045,0.20000574778059102,0.19999274983874848,0.19999529438951236,0.1999964586872156
44,0.20000712161366999,0.2000107667934541,0.19999567880038122,0.19998538953253406,0.19999798185686452
1568,0.19996404985416788,0.20004101579927078,0.1999835939993647,0.20002072992685713,0.20000994235404873
842,0.19997431610293823,0.20004296154876752,0.199986599811951,0.1999882922907849,0.19997262944329489
1580,0.20001229325367867,0.2000389518273289,0.19995643020083234,0.19999185271180575,0.19998347773188632
451,0.19997502882827026,0.20001224678650395,0.2000148873183586,0.19998373395975497,0.1999989627429071
114,0.2000113731780586,0.1999823942505205,0.19998696606753558,0.20001473801711636,0.1999943385592519
519,0.20001888989256317,0.1999833884927159,0.19998259261646645,0.2000011083145315,0.20000555827534525
817,0.19998660476171728,0.1999964304979611,0.1999896954967418,0.1999707072377403,0.2000258057792099
14,0.2000041424025986,0.1999997012311601,0.1999999967678652,0.20000077985025083,0.19999550425558588
1956,0.20000420523056536,0.2000294959801186,0.19999600112154262,0.20002034340845945,0.20000063588975034
1356,0.199967697474777,0.20003697654653965,0.1999930166314717,0.19997583907310867,0.19999257018244387
622,0.20001254618265882,0.1999946275458574,0.20000173600087018,0.19999456231860943,0.199991951297836
1000,0.20000482351460608,0.19999176758820503,0.19998485006299474,0.20000577139267167,0.1999972095523216
5,0.20000103517452597,0.199999311829283,0.2000005021019289,0.1999995636778296,0.20000006022029754
15,0.20000426319559225,0.20000059138819287,0.2000014822466496,0.19999828885386614,0.19999896772312442
13,0.19999379653185442,0.20000020166590157,0.19999992441831108,0.19999854801305558,0.19999779938424925
585,0.1999660653169852,0.199996499875305,0.19999054074497163,0.19997937836122304,0.1999699845460598
97,0.19999471227200888,0.19999540110393976,0.19998638858205348,0.2000118060022962,0.2000038663870888
187,0.19997128089517124,0.19999724354743448,0.2000099660436171,0.19998027322954898,0.19998746030527953
952,0.20001988501530676,0.2000039497792465,0.1999838984181048,0.20003209456767462,0.2000091495900341
190,0.2000135383803473,0.19999733676481676,0.200011718408112,0.20001094862714516,0.19997933017100988
875,0.19998332764701146,0.20001717413950498,0.19997680892021202,0.20003412459709385,0.19996712333258868
1172,0.20001714577431634,0.19999896441101211,0.19999925468275648,0.19999823211421477,0.19998743110431683
1270,0.19996742302126724,0.19998327078434003,0.20001381303240046,0.19999130889349775,0.20001193902111308
1371,0.19998093323014546,0.20003237351274347,0.19996625808668347,0.2000302236019278,0.19996838866697117
115,0.19999833100315723,0.2000149694509914,0.19998896661999857,0.19998621063502764,0.20001974562480557
1739,0.19997406890155517,0.2000289885302737,0.2000216686862815,0.19997135071364144,0.19998144748084778
80,0.1999958367117989,0.1999967365945578,0.20000513493354127,0.19999882569993419,0.20001038108017685
706,0.19995651373924156,0.1999818502783299,0.2000166587760646,0.20003704704638084,0.20001423929774034
1369,0.200013885198012,0.19999497431363597,0.2000333359752658,0.20003983743371634,0.19996953060232772
88,0.2000082882384528,0.20001395903356667,0.1999992147140821,0.2000096607886345,0.19999464961209176
4,0.1999996249065907,0.19999897357623414,0.19999919767839625,0.2000006183698518,0.20000109821261738
423,0.20001987065819912,0.20003566290695565,0.20001151714043405,0.199976372347156,0.1999808309775794
783,0.1999912824733985,0.19996076417237027,0.20001587766727313,0.1999662919061156,0.20000740816012796
1265,0.19995460664150033,0.19995638063747964,0.20002411411827672,0.1999741829188099,0.2000307741745245
953,0.1999803598228372,0.19999449169736405,0.199976742532477,0.19998398701704384,0.20000987556833047
168,0.19998579008647902,0.20002111444985954,0.19998744782415093,0.2000072171371124,0.20001492488474185
511,0.19995820085012467,0.19999292802159324,0.19999610840205947,0.20001087718257818,0.20001944350221648
70,0.20001167276960843,0.19999424778797248,0.1999892474912566,0.19999172624101821,0.19999242208355833
712,0.2000413671417018,0.19999786177570442,0.19997293943169028,0.19998261314662127,0.2000234406453282
1672,0.19998420397196767,0.20003109851854914,0.2000035970318686,0.20000468278696304,0.2000134230647544
670,0.19997936490621182,0.19998103924940527,0.19997763113752653,0.19999776545352918,0.1999967844911545
125,0.1999904675150626,0.20001778528032763,0.19998169242915406,0.20000297654677734,0.19999216669992376
431,0.1999800501352672,0.19998739534121796,0.19998099812866685,0.20000701992715025,0.2000326961736011
1664,0.20001702390340081,0.19997664749879776,0.20000698290314067,0.1999993815234473,0.20000510880039513
25,0.20000137737218462,0.20000502647227938,0.20000373375438435,0.20000034517091086,0.19999552787220803
190,0.2000108147248578,0.2000294476305823,0.1999867855513595,0.20000270185927135,0.19998157822562826
1121,0.19999704089683748,0.20001472209184065,0.20001297977425522,0.20001852899440667,0.19997896917115487
8,0.2000011059504168,0.20000030568981023,0.19999958927720693,0.19999859917821436,0.1999996243298912
326,0.20001473287181287,0.20003134232371392,0.19998892611099903,0.2000317561536426,0.200008620183454
447,0.20001365048940503,0.2000231949620057,0.20002529906181835,0.19999217894177285,0.1999814845933763
1071,0.19999746956940198,0.1999939098770578,0.19997751151503243,0.20000169500203063,0.19998162638743655
272,0.19997651594249763,0.20002605247688104,0.19999928508475767,0.19998953427069685,0.20001821818455412
1144,0.20002862164140345,0.19998940515162236,0.19999339023653298,0.2000041438764457,0.19997513869747183
243,0.20000498755104934,0.20000940144778145,0.19997686774103238,0.2000241015146152,0.20003490423697767
1278,0.1999993062205535,0.20001682827539596,0.19998179763508805,0.19998452379258158,0.20000085910656298
444,0.1999823217383221,0.19997153766958567,0.20001335811981083,0.19997648197896753,0.19998703102547755
317,0.2000187576604046,0.2000354389592926,0.19997242775588167,0.20000330735833874,0.19996018601564855
462,0.19997745203471645,0.19997149010431836,0.19997354894224223,0.19997516415766217,0.1999858750399743
440,0.20000552524233747,0.20002873838344248,0.20002668818444852,0.2000103335646867,0.19999062051644326
17,0.19999830864097584,0.19999465663462757,0.19999662733766294,0.19999997542584305,0.1999906198099916
19,0.19999706888567834,0.2000022439481984,0.1999978547207364,0.19999753148943522,0.20000409509576803
76,0.19999646554735534,0.20001118891338723,0.20000842660267187,0.2000077098728241,0.19999867325046636
648,0.2000266178735066,0.1999999153042468,0.19996096531908894,0.20001978671966006,0.19998552103587924
671,0.19998023267815115,0.19999336526061748,0.20000865499554765,0.20001326551016077,0.20000368153545817
1770,0.20003063802180865,0.1999954802265497,0.199980526531718,0.19998028109621602,0.1999591739811153
1085,0.19997441984692158,0.19999944454537733,0.1999873932583374,0.2000087749176092,0.19999240006300542
179,0.19997440538679911,0.20000977092879976,0.19997785341153232,0.19998868795167646,0.19998226202604463
887,0.20000132011656588,0.20002395422283803,0.20000273664444215,0.19998119080961416,0.1999876996222557
1026,0.19999933366901856,0.1999995832739894,0.2000348778004873,0.1999666495705243,0.20002597387133372
1374,0.20003497927992447,0.20003350431531336,0.19999855000271036,0.1999633621960262,0.20001596033960461
800,0.19999943116668206,0.1999785216568692,0.19998401403146054,0.20000878312809484,0.19996468974160225
1482,0.20001595369509342,0.2000218323811682,0.1999924056293831,0.2000135667876313,0.20001230131957493
21,0.19999941667470034,0.2000055210504008,0.20000617237664622,0.19999997536106465,0.1999980043459372
1498,0.19999119865419382,0.20002103007124566,0.1999757346034361,0.20001638081590187,0.1999927112748768
573,0.20001744398718674,0.20003087107933146,0.20001753243788378,0.20001048807101043,0.20001184790128487
1703,0.19999325815341737,0.19998419414882757,0.20002875620592842,0.2000079524991604,0.19997094519777983
262,0.1999974748551278,0.20000319379156817,0.1999948667804543,0.2000190104882151,0.20002273907882512
21,0.1999974759757771,0.20000165260262803,0.19999796432100053,0.20000488111536752,0.2000022657219379
342,0.2000057407664283,0.20000246033907126,0.19998866990722106,0.20001631760332186,0.19996455885463052
270,0.19997153720259553,0.19999795289547173,0.1999785989634321,0.19999686255570337,0.20001445994763126
281,0.19999608432333835,0.20001884141721848,0.2000029666514813,0.19999546323250858,0.20002157246108915
598,0.2000053988616857,0.19999290279095056,0.20002121317574137,0.2000023889772756,0.1999886412722316
481,0.19998282804356837,0.1999909582565438,0.1999869486145894,0.19999532060604933,0.20003961944401075
243,0.1999944668290915,0.1999976352368822,0.20002322855804258,0.1999930845764499,0.19999196863109905
967,0.19999295487726887,0.19998532858654328,0.2000087758318935,0.1999918921079421,0.199984027673484
1606,0.2000045296933226,0.19998434060431208,0.19998008464658618,0.19996754150821616,0.19999329344808842
534,0.19998334638462512,0.19999668131650344,0.19998372520527316,0.20001899561149825,0.20000715200956978
8,0.20000208900026917,0.19999993005846356,0.20000000382876607,0.20000181993018348,0.1999985785171912
1495,0.20001312907141167,0.19997434979568984,0.19999706259138347,0.20002164046706383,0.20001878801845746
38,0.1999997290373418,0.20000269628797604,0.20000422478455104,0.19999273331528836,0.1999995882109377
1772,0.2000098736191688,0.20004019872399553,0.19998047914643113,0.20000241663046894,0.1999833667386923
316,0.19997800115743258,0.19998182086263064,0.19999892685477674,0.19999668087756015,0.19999517178691387
788,0.20001254995749115,0.1999847463338367,0.2000276748592987,0.1999723565197065,0.19999050886387826
13,0.1999984922288407,0.1999992370642311,0.2000019908879407,0.20000039679858503,0.19999985623041425
68,0.19999102075914119,0.2000216323586631,0.19999734498033528,0.20000220357944234,0.20001123536557808
869,0.19999566501878746,0.20003186857182567,0.19996057738746822,0.19997745975703446,0.20003372756436458
89,0.19997303479046966,0.1999898189325935,0.19998780463761742,0.19999030307146054,0.2000159813899669
355,0.199987668409243,0.19998658960772636,0.1999876947862607,0.19996728310417378,0.1999762097059814
2,0.2000000646631843,0.19999864193759875,0.20000004159699222,0.20000010077840688,0.19999945483637857
1048,0.1999812369516887,0.20001132541390307,0.20004046846402185,0.2000210125982409,0.2000086081114452
365,0.1999624643523899,0.199997766002309,0.20001914530466686,0.20000999508659112,0.20001539761488035
670,0.20001864232374567,0.19996620621151553,0.20003250391591043,0.1999778292566573,0.199971943235167
240,0.20002222885095258,0.19998223839021473,0.2000224851862657,0.20000089181374145,0.19998915738184633
1131,0.20004053295965354,0.2000065915867443,0.20002078606808296,0.19997244172683432,0.20001230758427363
